{"cameraMode":{"drawMode":0,"name":"Shaded","section":"Shading Mode"},"sceneLighting":false,"audioPlay":false,"sceneViewState":{"showFog":true,"showMaterialUpdate":false,"showSkybox":false,"showFlares":true,"showImageEffects":true,"showParticleSystems":true},"in2DMode":false,"pivot":{"x":2.5899999141693117,"y":-1.590000033378601,"z":0.0},"rotation":{"x":-0.17329339683055879,"y":0.03898772969841957,"z":-0.006862274371087551,"w":-0.9840806722640991},"size":14.949718475341797,"orthographic":false}